Site_original,correct_prediction
0,0.5263157894736842
1,0.7333333333333333
3,0.6666666666666666
4,0.5555555555555556
5,0.5833333333333334
6,0.6666666666666666
7,1.0
8,0.5714285714285714
9,0.8367346938775511
