Site_original,correct_prediction
0,0.47368421052631576
1,0.6666666666666666
2,0.7391304347826086
3,0.3333333333333333
4,0.5555555555555556
5,0.75
7,0.875
8,0.42857142857142855
9,0.7959183673469388
