Site_original,correct_prediction
0,0.5789473684210527
1,0.8
3,0.6666666666666666
4,0.6666666666666666
5,0.6666666666666666
6,0.75
7,1.0
8,0.5714285714285714
9,0.8367346938775511
