Site_original,correct_prediction
0,0.8421052631578947
1,0.7333333333333333
2,0.9565217391304348
3,0.6666666666666666
4,0.5555555555555556
5,0.5833333333333334
6,0.9166666666666666
8,1.0
9,0.8163265306122449
