Site_original,correct_prediction
0,0.5263157894736842
1,0.7333333333333333
2,0.9130434782608695
3,0.3333333333333333
5,0.5416666666666666
6,0.6923076923076923
7,0.9375
8,0.42857142857142855
9,0.8367346938775511
