Site_original,correct_prediction
0,0.47368421052631576
2,0.9130434782608695
3,0.4444444444444444
4,0.625
5,0.5833333333333334
6,0.5384615384615384
7,0.9375
8,0.2857142857142857
9,0.8163265306122449
