Site_original,correct_prediction
0,0.5263157894736842
1,0.6666666666666666
2,0.9565217391304348
3,0.4444444444444444
4,0.5
5,0.7083333333333334
6,0.6923076923076923
7,0.9375
8,0.7142857142857143
