Site_original,correct_prediction
0,0.7894736842105263
1,0.7333333333333333
2,0.9565217391304348
3,0.6666666666666666
5,0.5416666666666666
6,0.6153846153846154
7,1.0
8,0.2857142857142857
9,0.8367346938775511
