Site_original,correct_prediction
1,0.8666666666666667
2,0.782608695652174
3,0.6666666666666666
4,0.5
5,0.5
6,0.6923076923076923
7,0.875
8,0.5714285714285714
9,0.7755102040816326
