Site_original,correct_prediction
0,0.42105263157894735
2,0.9130434782608695
3,0.4444444444444444
4,0.5
5,0.5
6,0.6153846153846154
7,0.9375
8,0.42857142857142855
9,0.8163265306122449
