Site_original,correct_prediction
0,0.3157894736842105
1,0.6666666666666666
2,0.8260869565217391
3,0.3333333333333333
4,0.375
5,0.6666666666666666
6,0.8461538461538461
7,0.875
9,0.7959183673469388
