Site_original,correct_prediction
0,0.5263157894736842
1,0.6666666666666666
2,0.7391304347826086
4,0.625
5,0.375
6,0.6153846153846154
7,1.0
8,0.14285714285714285
9,0.8571428571428571
