Site_original,correct_prediction
1,0.9333333333333333
2,0.8260869565217391
3,0.6666666666666666
4,0.5
5,0.5833333333333334
6,0.5384615384615384
7,1.0
8,0.8571428571428571
9,0.8571428571428571
