Site_original,correct_prediction
0,0.9473684210526315
1,0.8666666666666667
2,1.0
3,0.6666666666666666
4,0.4444444444444444
5,0.7083333333333334
7,1.0
8,0.7142857142857143
9,0.8367346938775511
