Site_original,correct_prediction
0,0.7777777777777778
1,0.7142857142857143
2,1.0
3,0.75
4,0.5
5,0.7272727272727273
6,0.5
7,1.0
8,0.8
9,0.7368421052631579
