Site_original,correct_prediction
0,0.5263157894736842
1,0.8
3,0.8888888888888888
4,0.5555555555555556
5,0.75
6,0.5833333333333334
7,1.0
8,0.42857142857142855
9,0.8163265306122449
