Site_original,correct_prediction
0,0.3684210526315789
1,0.8
2,0.8260869565217391
3,0.3333333333333333
4,0.5555555555555556
5,0.6666666666666666
6,0.75
8,0.8571428571428571
9,0.8367346938775511
