Site_original,correct_prediction
0,0.9473684210526315
1,0.6666666666666666
2,0.9565217391304348
3,0.6666666666666666
4,0.5
6,0.6923076923076923
7,1.0
8,0.7142857142857143
9,0.8571428571428571
