Site_original,correct_prediction
0,0.42105263157894735
1,0.8
2,0.9130434782608695
4,0.375
5,0.5
6,0.6153846153846154
7,1.0
8,0.14285714285714285
9,0.8367346938775511
