Site_original,correct_prediction
0,0.8421052631578947
1,0.7333333333333333
2,0.9565217391304348
3,0.6666666666666666
4,0.375
5,0.7083333333333334
6,0.7692307692307693
7,1.0
9,0.7959183673469388
