Site_original,correct_prediction
0,0.47368421052631576
1,0.6666666666666666
2,0.782608695652174
3,0.3333333333333333
4,0.375
6,0.8461538461538461
7,0.9375
8,0.5714285714285714
9,0.8979591836734694
