Site_original,correct_prediction
0,0.3684210526315789
1,0.6666666666666666
2,0.8260869565217391
3,0.2222222222222222
5,0.3333333333333333
6,0.6153846153846154
7,1.0
8,0.14285714285714285
9,0.8163265306122449
