Site_original,correct_prediction
0,0.47368421052631576
1,0.7333333333333333
2,0.8695652173913043
3,0.2222222222222222
4,0.4444444444444444
5,0.6666666666666666
7,0.875
8,0.42857142857142855
9,0.8163265306122449
