Site_original,correct_prediction
0,0.7894736842105263
1,0.6666666666666666
2,0.9565217391304348
3,0.5555555555555556
4,0.625
5,0.6666666666666666
6,0.7692307692307693
7,0.9375
8,0.8571428571428571
