Site_original,correct_prediction
1,0.8666666666666667
2,0.8695652173913043
3,0.5555555555555556
4,0.5
5,0.5
6,0.6153846153846154
7,1.0
8,0.8571428571428571
9,0.8367346938775511
