Site_original,correct_prediction
0,0.5789473684210527
2,0.9130434782608695
3,0.5555555555555556
4,0.625
5,0.625
6,0.6153846153846154
7,0.9375
8,0.7142857142857143
9,0.8367346938775511
