Site_original,correct_prediction
0,0.47368421052631576
1,0.6666666666666666
2,0.8260869565217391
3,0.4444444444444444
4,0.375
5,0.5833333333333334
6,0.6923076923076923
7,0.9375
9,0.8163265306122449
