Site_original,correct_prediction
0,0.631578947368421
1,0.7333333333333333
2,0.8260869565217391
3,0.4444444444444444
4,0.625
6,0.8461538461538461
7,0.9375
8,0.42857142857142855
9,0.8979591836734694
