Site_original,correct_prediction
0,0.3684210526315789
1,0.6666666666666666
2,0.7391304347826086
3,0.4444444444444444
4,0.375
6,0.8461538461538461
7,0.9375
8,0.42857142857142855
9,0.8775510204081632
