Site_original,correct_prediction
0,0.42105263157894735
1,0.6666666666666666
2,0.8695652173913043
4,0.375
5,0.4166666666666667
6,0.6923076923076923
7,1.0
8,0.14285714285714285
9,0.8367346938775511
