Site_original,correct_prediction
1,0.9333333333333333
2,0.9130434782608695
3,0.7777777777777778
4,0.625
5,0.4166666666666667
6,0.7692307692307693
7,1.0
8,1.0
9,0.8163265306122449
