Site_original,correct_prediction
0,0.3684210526315789
1,0.6666666666666666
2,0.9130434782608695
3,0.4444444444444444
4,0.375
5,0.7083333333333334
6,0.7692307692307693
7,0.9375
8,0.7142857142857143
