Site_original,correct_prediction
0,0.47368421052631576
1,0.8
2,0.8695652173913043
3,0.3333333333333333
4,0.5555555555555556
5,0.8333333333333334
6,0.75
8,0.7142857142857143
9,0.8571428571428571
