Site_original,correct_prediction
1,0.8666666666666667
2,0.8260869565217391
3,0.5555555555555556
4,0.5
5,0.4583333333333333
6,0.6153846153846154
7,1.0
8,0.8571428571428571
9,0.8163265306122449
