Site_original,correct_prediction
0,0.6842105263157895
2,0.9130434782608695
3,0.5555555555555556
4,0.75
5,0.5416666666666666
6,0.6153846153846154
7,0.9375
8,0.7142857142857143
9,0.8163265306122449
