Site_original,correct_prediction
0,0.631578947368421
1,0.8
2,0.9565217391304348
3,0.4444444444444444
4,0.4444444444444444
5,0.75
7,0.9375
8,0.5714285714285714
9,0.7755102040816326
