Site_original,correct_prediction
0,0.5789473684210527
1,0.8
3,0.7777777777777778
4,0.5555555555555556
5,0.7916666666666666
6,0.6666666666666666
7,1.0
8,0.42857142857142855
9,0.8571428571428571
