Site_original,correct_prediction
0,0.8421052631578947
1,0.6666666666666666
3,0.7777777777777778
4,0.4444444444444444
5,0.5833333333333334
6,0.75
7,1.0
8,0.5714285714285714
9,0.8163265306122449
