Site_original,correct_prediction
0,0.42105263157894735
1,0.7333333333333333
2,0.8695652173913043
3,0.2222222222222222
5,0.4166666666666667
6,0.6153846153846154
7,1.0
8,0.14285714285714285
9,0.8163265306122449
