Site_original,correct_prediction
0,0.42105263157894735
1,0.6666666666666666
2,0.7391304347826086
3,0.3333333333333333
4,0.375
5,0.625
6,0.6923076923076923
7,0.9375
9,0.8163265306122449
