Site_original,correct_prediction
0,0.3684210526315789
1,0.6666666666666666
3,0.7777777777777778
4,0.4444444444444444
5,0.6666666666666666
6,0.6666666666666666
7,1.0
8,0.42857142857142855
9,0.8571428571428571
