Site_original,correct_prediction
1,0.8666666666666667
2,0.8695652173913043
3,0.6666666666666666
4,0.625
5,0.5833333333333334
6,0.5384615384615384
7,1.0
8,0.8571428571428571
9,0.8367346938775511
