Site_original,correct_prediction
1,0.8
2,0.9130434782608695
3,0.8888888888888888
4,0.375
5,0.5
6,0.5384615384615384
7,1.0
8,0.5714285714285714
9,0.8367346938775511
