Site_original,correct_prediction
0,0.5789473684210527
1,0.8
2,0.8260869565217391
3,0.3333333333333333
4,0.5
5,0.875
6,0.9230769230769231
7,0.875
9,0.8367346938775511
