Site_original,correct_prediction
0,0.42105263157894735
1,0.7333333333333333
2,0.8260869565217391
3,0.4444444444444444
5,0.625
6,0.6923076923076923
7,1.0
8,0.2857142857142857
9,0.8367346938775511
