Site_original,correct_prediction
0,0.42105263157894735
1,0.6666666666666666
2,0.8695652173913043
3,0.2222222222222222
5,0.4583333333333333
6,0.6153846153846154
7,1.0
8,0.2857142857142857
9,0.8367346938775511
