Site_original,correct_prediction
0,0.5789473684210527
1,0.8
2,0.9565217391304348
4,0.75
5,0.625
6,0.6923076923076923
7,0.9375
8,0.14285714285714285
9,0.8571428571428571
