Site_original,correct_prediction
0,0.42105263157894735
1,0.7333333333333333
2,0.9130434782608695
3,0.3333333333333333
4,0.5555555555555556
5,0.75
6,0.6666666666666666
8,0.5714285714285714
9,0.8367346938775511
