Site_original,correct_prediction
0,0.631578947368421
2,0.9130434782608695
3,0.5555555555555556
4,0.625
5,0.5833333333333334
6,0.6923076923076923
7,0.9375
8,0.7142857142857143
9,0.8163265306122449
