Site_original,correct_prediction
0,0.42105263157894735
1,0.7333333333333333
2,0.782608695652174
3,0.2222222222222222
4,0.4444444444444444
5,0.6666666666666666
7,0.8125
8,0.2857142857142857
9,0.8163265306122449
