Site_original,correct_prediction
0,0.3684210526315789
1,0.6
2,0.782608695652174
3,0.3333333333333333
4,0.375
5,0.6666666666666666
6,0.8461538461538461
7,0.9375
9,0.8163265306122449
