Site_original,correct_prediction
0,0.5789473684210527
1,0.8
2,0.9130434782608695
3,0.5555555555555556
4,0.5555555555555556
5,0.8333333333333334
7,0.9375
8,0.7142857142857143
9,0.7959183673469388
