Site_original,correct_prediction
0,0.8421052631578947
1,0.7333333333333333
2,0.9565217391304348
4,0.625
5,0.5833333333333334
6,0.6153846153846154
7,1.0
8,0.2857142857142857
9,0.8367346938775511
