Site_original,correct_prediction
0,0.5263157894736842
2,0.9130434782608695
3,0.4444444444444444
4,0.5
5,0.5
6,0.46153846153846156
7,0.9375
8,0.42857142857142855
9,0.7755102040816326
