Site_original,correct_prediction
0,0.631578947368421
1,0.8
2,0.8695652173913043
4,0.625
5,0.625
6,0.6153846153846154
7,0.9375
8,0.42857142857142855
9,0.8775510204081632
