Site_original,correct_prediction
0,0.5263157894736842
1,0.7333333333333333
2,0.8695652173913043
3,0.4444444444444444
4,0.5
5,0.8333333333333334
6,0.6923076923076923
7,0.9375
9,0.8163265306122449
