Site_original,correct_prediction
0,0.42105263157894735
1,0.7333333333333333
2,0.9130434782608695
3,0.4444444444444444
4,0.5555555555555556
5,0.6666666666666666
6,0.75
8,0.8571428571428571
9,0.8571428571428571
