Site_original,correct_prediction
0,0.42105263157894735
2,0.9565217391304348
3,0.5555555555555556
4,0.625
5,0.5833333333333334
6,0.6153846153846154
7,0.9375
8,0.2857142857142857
9,0.7346938775510204
