Site_original,correct_prediction
0,0.42105263157894735
1,0.7333333333333333
2,0.8695652173913043
3,0.3333333333333333
5,0.4583333333333333
6,0.6923076923076923
7,1.0
8,0.14285714285714285
9,0.8367346938775511
