Site_original,correct_prediction
0,0.42105263157894735
1,0.6666666666666666
2,0.9565217391304348
3,0.3333333333333333
4,0.5
5,0.6666666666666666
6,0.7692307692307693
7,0.9375
8,0.5714285714285714
